registered,cnt
473,498
383,410
74,107
243,290
49,70
130,152
354,443
202,225
91,102
110,144
129,138
385,411
66,70
341,539
241,475
9,9
331,426
124,136
232,339
208,358
308,366
168,185
113,145
378,605
147,172
81,182
143,167
5,6
1,1
344,430
46,47
5,5
299,309
218,224
259,298
25,28
217,337
5,5
143,171
350,463
16,19
58,63
163,208
429,441
6,7
143,163
170,228
22,23
204,240
77,139
96,132
76,84
78,86
15,15
92,139
129,173
124,141
132,140
181,226
4,6
110,135
151,190
178,221
71,90
82,108
86,88
5,8
72,75
61,64
543,559
36,38
10,17
256,502
2,2
726,815
8,13
330,360
300,315
324,488
173,203
28,28
361,374
349,408
258,385
76,92
178,190
106,113
174,254
128,219
105,116
369,455
7,7
120,136
323,371
148,203
269,354
14,17
62,72
201,317
306,418
99,113
105,114
169,201
640,672
54,57
151,199
236,441
63,64
386,409
5,6
9,9
13,13
16,19
584,665
211,292
41,41
22,24
129,162
307,489
163,221
168,253
380,385
54,93
206,248
208,322
350,386
12,13
143,176
324,387
90,120
48,53
80,118
11,16
17,19
7,7
101,111
267,331
147,149
198,246
268,345
85,92
74,83
461,476
51,59
8,11
110,117
202,281
1,1
479,551
15,17
283,416
117,117
141,143
70,87
146,189
92,94
584,665
5,7
35,37
438,516
77,112
7,10
114,150
90,99
98,153
744,871
310,345
163,194
140,174
45,45
106,123
176,241
86,94
5,5
9,10
180,209
183,187
159,170
177,189
32,36
604,624
267,359
74,86
83,117
89,113
225,258
212,281
58,66
426,480
315,499
285,295
5,6
14,16
5,6
95,128
95,107
22,22
116,147
118,118
26,26
66,70
563,590
348,384
8,10
121,133
119,158
199,226
252,257
150,222
141,268
84,115
141,148
54,58
3,4
292,367
153,175
6,7
6,7
167,252
209,404
58,72
4,4
28,32
198,255
71,88
134,149
16,17
138,151
217,363
12,16
8,11
58,65
206,212
67,85
151,225
43,48
32,35
80,88
24,30
67,86
252,258
66,86
124,146
392,483
51,65
540,561
75,93
205,291
161,202
207,221
253,308
9,9
50,68
242,305
102,130
3,5
189,290
141,194
53,53
33,38
144,162
129,139
26,31
479,538
123,134
86,112
8,16
113,178
40,44
316,435
8,8
527,589
26,32
19,19
27,33
259,289
147,216
183,300
260,298
668,693
120,161
126,157
84,84
402,419
91,96
208,221
114,169
128,168
155,161
23,24
357,564
265,361
335,395
71,75
32,34
368,395
14,16
100,117
30,33
483,525
134,153
179,311
117,140
400,666
157,209
198,272
352,462
372,488
5,6
89,95
38,39
237,387
72,82
233,244
17,20
260,278
279,312
701,754
341,401
39,47
10,18
113,163
97,172
189,197
26,26
4,6
5,5
366,369
37,40
100,136
472,495
14,20
185,300
211,216
39,46
258,299
27,33
110,146
136,163
201,208
168,177
86,102
5,5
213,258
86,104
45,72
137,154
37,38
413,483
194,210
488,564
29,32
126,174
162,173
269,315
176,222
28,28
134,174
95,119
216,320
66,77
83,87
384,394
21,22
259,458
225,325
2,3
142,175
48,49
391,522
9,9
108,122
204,206
108,110
102,108
240,285
43,46
320,392
145,209
115,126
25,28
47,58
387,399
342,515
318,359
44,59
174,239
8,12
9,9
129,159
136,182
350,383
115,121
135,152
105,116
133,205
73,79
20,21
317,465
201,282
296,358
34,35
1,1
131,178
3,12
130,210
49,50
147,165
206,209
212,233
558,668
53,56
16,20
288,309
632,710
246,285
66,75
81,119
225,265
42,53
4,4
254,437
4,5
70,102
61,66
236,282
7,7
56,60
419,502
286,330
184,242
4,4
157,207
2,2
77,101
294,389
192,260
415,440
104,126
153,206
79,87
235,290
73,117
132,162
28,32
386,421
31,43
75,76
171,178
190,248
92,111
16,21
16,21
16,19
94,123
35,37
289,308
6,7
191,361
124,125
679,793
187,249
147,174
22,28
191,245
118,129
154,165
7,9
4,5
55,96
337,425
318,402
80,95
19,23
75,78
81,120
134,190
105,127
36,36
122,139
419,649
37,39
390,715
4,4
73,74
4,5
140,159
162,167
24,24
615,688
158,213
31,38
2,2
160,195
127,141
62,80
90,92
399,602
105,124
186,207
302,358
12,14
1,1
26,26
226,332
188,276
415,499
157,240
121,167
80,89
202,270
153,214
40,74
17,17
399,547
3,5
2,2
8,11
7,8
217,233
29,40
50,59
263,363
52,63
162,184
94,140
127,196
9,10
108,111
147,167
43,55
14,20
8,8
290,383
256,437
5,5
249,369
333,344
228,360
531,547
5,5
3,4
256,327
200,282
252,382
264,373
478,495
103,155
7,9
131,158
238,394
223,289
141,190
33,37
84,102
236,286
178,245
132,155
335,531
46,49
61,79
253,283
98,145
93,129
111,134
87,125
14,15
144,269
2,2
510,757
4,4
66,87
7,8
46,50
32,42
19,23
22,23
119,171
50,59
32,32
6,6
24,32
180,211
146,173
105,116
18,28
154,216
472,557
26,27
108,145
244,360
11,11
194,245
69,84
4,8
3,3
24,28
7,7
247,302
67,78
178,251
24,25
82,97
230,341
253,352
31,42
147,192
129,179
262,379
18,22
155,264
385,488
279,367
5,5
615,662
109,115
32,38
43,45
70,99
258,462
157,189
236,260
188,218
166,194
2,3
36,40
192,324
48,49
12,12
5,5
8,12
1,1
779,817
27,28
137,200
186,209
235,322
174,193
8,8
139,172
47,49
163,198
281,309
111,138
62,71
281,289
19,23
672,713
137,169
1,2
119,142
347,627
62,67
45,45
13,20
331,351
150,172
467,492
487,547
4,7
98,110
89,137
35,47
185,226
397,466
131,147
44,44
253,312
751,834
24,37
224,308
5,6
7,10
375,406
242,350
41,47
161,222
399,470
128,135
20,22
186,209
46,47
213,264
316,391
128,162
544,561
358,381
225,277
240,328
39,44
150,184
8,8
391,419
822,899
155,304
4,5
51,54
148,170
30,38
19,22
100,110
127,131
4,5
278,280
140,160
114,122
115,144
167,185
8,10
205,261
138,174
199,262
4,5
230,314
4,11
5,6
20,27
4,6
156,212
52,52
57,70
3,4
162,229
8,8
45,55
5,6
6,10
1,2
52,64
147,193
302,332
143,206
65,87
248,268
227,251
29,36
48,67
114,151
392,422
138,192
58,63
317,494
116,125
100,119
27,30
15,16
88,88
323,428
106,159
876,963
275,452
221,366
238,268
32,47
50,51
8,12
41,44
17,30
176,189
18,18
317,362
39,40
474,489
194,293
10,11
147,154
56,107
474,492
494,509
326,490
49,54
6,8
108,122
28,29
89,116
96,116
35,45
62,66
137,141
9,11
240,320
410,438
235,253
55,58
649,681
404,560
168,202
2,2
27,27
107,112
61,68
1,1
78,105
221,223
2,3
28,28
25,31
416,497
4,4
79,108
9,14
222,292
113,154
310,391
48,56
272,471
301,509
189,236
56,65
244,252
158,246
134,147
58,67
3,3
35,37
114,148
110,137
1,1
175,192
255,295
5,6
178,220
147,152
33,33
230,307
238,291
53,69
40,50
112,151
137,209
2,4
148,157
3,3
135,179
310,540
318,501
22,26
6,6
40,40
279,430
1,1
15,19
93,133
63,69
128,138
134,139
626,704
51,57
6,6
128,134
18,23
143,201
317,513
153,203
44,48
71,105
549,622
5,5
4,6
65,82
154,203
546,558
102,128
172,242
1,2
161,172
46,121
241,298
98,156
188,249
286,336
210,245
4,4
145,170
341,404
86,106
409,426
23,28
15,17
261,272
152,170
464,555
176,201
153,190
14,25
263,367
196,245
21,31
8,14
230,493
218,275
228,312
143,149
25,30
60,65
17,29
742,827
62,63
263,371
84,88
53,53
264,311
681,801
13,13
2,2
114,201
123,145
157,238
256,383
252,377
580,643
320,464
476,517
4,5
14,16
181,214
31,31
124,132
103,131
33,34
96,122
2,2
6,6
141,161
5,5
8,9
532,604
130,185
9,12
150,158
52,63
170,238
167,170
327,502
53,58
205,236
294,320
44,50
281,503
554,566
54,54
203,247
45,45
0,1
165,209
45,48
314,434
5,5
129,171
341,512
5,7
8,13
253,444
114,122
436,504
65,71
5,7
179,214
149,157
56,66
68,81
332,374
4,4
11,12
146,168
31,31
260,391
258,451
8,8
81,100
187,247
232,374
126,170
789,901
235,410
79,84
83,96
216,266
35,36
453,518
218,360
18,23
7,13
3,4
230,293
4,6
263,304
19,24
174,205
23,23
6,10
3,3
359,585
13,25
207,236
147,163
136,308
261,456
6,6
26,29
89,93
7,7
219,288
55,57
14,20
165,172
30,46
580,601
104,136
394,407
260,313
690,719
186,202
3,12
10,10
189,240
33,33
55,58
164,183
371,493
24,27
22,31
300,467
59,64
97,134
22,23
142,169
1,1
12,16
591,672
207,215
14,14
6,6
66,95
131,164
219,245
542,565
655,679
88,142
324,603
23,29
4,4
11,21
9,13
53,59
74,79
157,204
220,340
63,87
227,235
206,265
34,38
76,101
419,509
7,7
30,35
34,50
175,263
134,201
45,48
298,502
347,382
16,16
40,45
40,46
149,206
168,227
780,863
239,294
41,45
69,78
77,119
159,242
152,161
58,71
5,6
61,64
42,43
434,729
244,259
431,497
8,11
23,35
89,100
144,176
342,413
239,313
61,79
29,37
91,113
247,264
60,82
32,46
458,489
6,6
60,84
484,501
280,313
21,21
2,2
193,235
7,7
12,13
114,133
25,27
83,87
3,3
79,95
21,38
125,229
45,71
159,212
5,11
158,187
100,157
60,69
6,7
89,106
90,123
156,220
107,114
473,686
127,159
54,56
48,55
318,392
398,406
149,192
115,118
300,541
162,174
16,28
8,8
144,157
97,103
65,74
22,31
176,231
415,472
404,478
3,3
14,15
10,15
16,16
163,174
258,332
207,228
10,11
8,14
147,157
99,122
1,1
12,14
153,218
97,99
7,7
68,68
19,24
66,93
84,121
325,379
10,10
14,14
1,1
190,254
328,445
140,166
17,17
197,241
50,64
214,254
68,80
478,547
232,280
112,157
164,171
251,307
121,153
15,16
96,112
48,67
44,46
223,394
270,420
34,39
120,121
155,171
82,87
617,650
29,31
93,108
11,12
373,436
221,397
1,1
15,17
202,270
156,204
37,42
188,265
79,87
8,8
31,35
289,305
142,153
136,169
2,2
430,446
451,525
298,306
46,61
328,355
205,281
237,256
14,15
68,69
106,108
168,221
338,388
312,332
52,55
120,166
49,50
127,175
745,839
326,344
232,244
186,238
92,102
53,60
107,114
112,118
13,15
30,31
99,101
9,26
257,402
176,243
320,349
224,278
5,13
343,637
126,187
17,25
1,1
44,45
152,191
244,390
220,282
110,147
5,5
54,70
39,43
467,516
379,441
51,69
150,224
36,44
107,126
28,30
4,6
130,160
124,133
394,496
648,673
193,317
6,8
413,481
187,259
207,299
4,5
55,74
87,89
767,877
101,104
152,156
127,132
355,568
160,216
2,2
2,3
94,121
129,161
308,386
95,147
103,133
148,157
23,33
92,99
73,76
53,75
11,14
147,151
123,153
93,124
99,103
42,46
193,289
55,74
116,141
241,280
87,101
302,313
13,19
56,58
128,169
230,261
329,390
32,40
5,5
10,12
358,443
74,95
260,323
16,17
206,294
154,219
1,1
50,53
459,468
2,2
118,124
46,46
371,609
173,190
740,830
110,112
97,134
101,110
65,71
101,125
104,159
37,44
15,16
147,297
99,105
2,2
3,3
172,250
29,36
203,258
305,380
119,141
377,408
389,415
246,421
545,590
483,655
9,9
140,188
66,78
358,460
253,444
238,248
102,118
1,1
183,229
20,27
122,124
95,106
136,164
363,458
198,225
135,145
5,5
247,263
271,451
188,207
634,752
88,106
33,33
215,325
61,80
198,224
155,204
36,47
191,225
230,451
445,511
126,152
492,570
71,149
297,545
166,200
6,6
12,18
21,23
86,93
83,140
27,48
628,678
335,528
233,318
72,90
211,284
140,143
29,33
303,405
117,170
27,29
67,83
82,105
165,205
243,268
359,409
233,269
138,168
53,62
222,292
71,88
110,150
96,112
40,40
245,253
29,44
48,55
133,187
115,137
183,198
112,143
275,370
3,3
371,392
434,486
177,215
276,329
10,13
158,200
64,68
166,232
6,6
180,254
153,203
95,143
98,157
49,56
366,455
191,311
362,378
10,11
201,215
161,167
10,12
490,564
88,93
37,49
602,680
156,223
148,367
63,68
211,226
709,729
118,154
160,223
255,271
702,750
513,584
62,92
49,62
6,7
677,779
421,457
256,274
57,67
229,331
8,8
55,60
114,118
66,78
143,160
76,86
40,41
514,559
363,389
13,19
22,28
158,181
61,73
12,16
57,69
72,81
197,291
49,64
146,154
59,59
19,27
41,52
99,101
25,26
100,115
134,138
29,29
356,547
132,185
262,358
29,33
169,221
85,108
82,108
23,36
34,34
82,107
104,116
187,216
13,18
390,398
318,407
293,321
260,404
187,287
275,455
108,151
151,152
240,316
32,36
775,869
2,2
44,49
45,46
39,40
32,38
72,88
34,46
150,163
227,252
173,182
417,528
21,24
150,153
69,81
2,3
21,26
252,361
49,76
166,202
296,435
90,98
628,692
294,306
44,86
4,6
130,251
92,102
221,331
37,42
22,22
127,133
49,49
3,4
100,184
145,184
151,211
7,7
481,502
81,103
239,295
9,9
3,3
17,18
3,4
5,5
149,212
11,11
137,180
195,224
749,846
53,55
30,36
43,54
73,113
5,5
9,10
187,374
202,230
9,10
299,353
1,4
56,64
48,48
70,71
34,35
30,32
36,41
329,354
68,73
5,5
130,175
18,21
207,245
23,29
2,3
125,148
209,388
100,121
139,149
80,92
21,30
217,323
145,159
2,2
52,55
15,18
28,38
64,79
64,72
79,83
310,366
168,219
570,669
270,301
185,256
23,29
1,1
699,805
122,169
63,72
498,527
49,56
47,60
124,152
645,744
246,301
43,71
312,343
177,244
182,233
37,41
323,382
661,770
38,54
334,522
249,369
10,10
138,208
228,254
270,277
9,9
188,218
135,151
294,304
274,302
6,6
85,162
450,760
7,8
34,34
6,7
335,382
77,106
225,396
82,118
192,207
158,181
298,314
130,182
144,188
104,114
251,308
371,465
114,120
97,144
381,414
1,1
8,18
1,1
6,7
5,11
255,299
459,464
118,125
164,207
23,24
162,188
153,252
41,43
208,271
26,27
17,17
31,42
124,154
153,154
13,14
6,6
4,5
2,2
7,12
7,10
203,293
110,130
467,533
406,455
245,306
4,4
415,647
4,5
326,334
5,6
241,252
69,93
151,245
255,446
298,326
3,7
39,45
15,16
248,288
73,77
7,8
76,82
40,42
751,858
169,184
109,219
225,271
7,7
354,412
269,389
114,157
8,9
619,667
407,499
126,167
492,571
268,303
196,232
171,269
142,161
112,123
22,22
120,194
170,181
103,119
4,6
95,109
2,2
104,112
267,348
48,59
182,215
584,618
351,435
47,49
137,175
403,409
102,184
4,4
197,256
182,232
32,36
102,121
115,139
164,234
242,310
15,15
93,120
64,75
88,90
172,376
119,142
34,38
4,4
30,37
24,27
249,274
199,259
67,67
306,372
124,170
232,374
296,459
180,286
15,17
475,515
19,20
265,317
8,10
417,431
184,230
129,137
26,28
68,79
168,191
711,745
191,206
398,459
2,2
326,407
149,181
148,172
147,175
145,197
22,35
1,1
141,267
199,205
283,333
83,83
152,156
16,21
178,198
4,4
270,276
61,73
26,30
17,18
7,11
50,52
20,20
50,57
88,132
73,106
255,332
85,112
218,220
354,366
305,315
15,17
23,33
9,9
59,62
283,299
232,323
74,99
24,25
45,47
81,98
282,318
3,4
2,2
564,671
77,95
338,494
3,3
34,36
88,91
199,205
43,52
209,282
201,234
184,259
116,126
67,69
262,267
190,220
35,38
286,314
133,162
130,139
24,24
227,234
243,501
104,152
596,656
158,174
18,18
45,59
60,80
83,86
110,114
207,210
64,66
31,39
22,30
28,30
802,970
191,209
20,23
96,97
5,7
28,31
189,236
374,432
94,130
79,134
119,124
37,42
98,137
101,121
90,98
155,181
422,432
47,78
44,45
115,157
217,246
156,194
46,46
347,626
374,397
743,843
167,210
727,770
3,3
167,264
786,878
192,284
273,284
131,198
447,584
6,6
36,40
376,427
838,922
275,307
226,397
77,104
3,5
61,69
102,112
55,56
169,232
387,395
275,327
200,225
351,373
110,140
70,87
56,59
15,15
647,749
308,541
191,284
151,174
4,5
126,151
5,6
209,248
116,126
206,237
71,72
319,455
44,46
161,250
44,54
150,188
400,414
71,102
11,16
292,321
80,82
83,91
91,92
129,169
58,60
56,63
223,338
141,172
287,302
243,338
5,5
115,152
147,150
4,4
292,322
162,174
315,534
375,448
188,295
240,297
369,431
110,116
5,5
75,84
285,325
16,17
13,15
247,345
117,120
127,147
73,93
8,8
55,78
210,288
167,245
20,21
12,15
17,18
659,729
12,13
26,34
32,34
86,88
157,219
495,502
279,432
15,19
255,396
225,236
120,153
13,14
782,857
735,814
77,98
232,272
154,179
218,228
110,121
200,213
41,56
97,99
50,53
35,46
169,292
122,151
309,568
165,269
196,272
114,144
298,360
118,126
368,456
103,147
48,65
110,122
93,96
5,19
261,456
301,374
173,421
96,113
359,373
373,491
4,6
291,306
248,295
93,181
11,16
143,148
254,357
113,140
50,67
14,14
758,784
59,69
344,430
6,7
248,295
221,264
35,55
487,565
464,517
432,470
692,725
141,192
18,18
143,156
336,376
82,84
167,209
285,335
141,297
185,261
48,60
248,306
315,372
58,65
93,101
46,57
164,176
95,115
66,92
2,3
1,1
31,32
372,653
7,7
86,105
9,17
253,292
241,382
33,33
17,17
154,195
144,175
352,398
109,128
548,671
275,311
156,188
175,203
35,38
22,34
2,2
14,16
232,280
24,24
162,165
156,205
190,275
48,51
357,395
84,88
109,138
37,50
86,102
58,75
28,34
384,487
184,408
48,68
26,28
352,452
383,681
213,274
184,227
103,127
6,7
82,113
71,73
23,27
469,586
22,26
220,248
323,353
274,355
26,34
5,9
1,1
136,251
55,68
7,7
168,189
318,334
388,626
63,65
102,111
298,309
108,120
123,141
57,73
273,332
29,35
158,237
163,261
204,239
187,208
5,5
352,359
417,428
461,522
278,280
270,404
235,332
32,36
134,200
25,30
121,170
405,578
22,24
153,207
98,99
196,326
316,323
5,5
605,634
8,13
13,26
283,411
497,530
168,176
79,112
149,222
14,19
155,184
109,116
2,2
27,29
96,121
600,643
64,92
20,24
3,3
15,20
8,9
310,315
82,87
309,560
135,154
131,164
267,504
293,343
262,291
704,795
333,374
218,259
56,84
69,81
227,260
119,124
110,129
305,335
153,173
12,15
95,146
204,292
3,4
302,308
195,235
133,146
315,523
94,105
161,171
42,59
114,116
184,259
112,142
9,11
5,5
37,42
318,351
170,175
62,82
238,363
174,201
87,93
218,225
53,69
226,231
55,71
24,27
271,326
461,504
20,21
156,191
250,273
117,175
53,72
182,246
12,18
9,11
151,196
239,301
8,10
316,562
120,121
25,31
1,2
83,90
76,86
3,7
631,673
4,4
2,2
338,586
100,166
12,20
83,94
111,114
159,178
25,27
815,884
147,163
61,80
176,186
118,122
176,279
12,14
86,103
324,386
70,71
141,168
363,451
150,162
200,211
278,296
264,333
104,124
100,142
60,64
182,239
5,7
76,86
15,24
450,518
250,333
6,6
156,174
33,35
209,245
90,106
319,328
119,138
190,224
432,479
342,427
18,18
330,550
71,72
143,202
139,166
240,292
59,71
152,190
9,13
18,18
327,355
3,5
179,182
7,7
8,8
364,453
530,596
497,571
6,10
800,835
16,16
66,90
35,37
1,1
339,384
408,644
391,406
124,144
6,7
3,5
82,103
36,38
11,20
151,178
5,14
264,316
228,241
145,147
486,563
5,5
53,57
227,315
454,517
9,10
170,175
85,107
80,82
198,248
64,82
662,743
50,59
112,146
426,481
112,147
10,14
87,91
95,103
65,76
59,65
79,96
187,219
64,74
134,158
270,321
157,231
368,507
59,78
400,686
108,118
140,157
265,278
321,361
40,41
74,75
180,210
247,423
94,98
413,444
5,11
115,123
231,261
223,227
55,84
27,33
140,202
140,167
71,98
17,34
19,20
58,70
17,30
94,107
368,396
253,326
234,423
556,592
232,306
54,56
32,33
70,76
259,268
288,492
160,225
5,6
337,425
155,204
20,27
163,202
120,132
36,36
228,386
26,32
544,593
26,35
20,27
160,168
218,311
3,3
226,256
12,13
6,6
17,17
243,504
180,196
6,6
124,148
137,147
166,217
96,113
10,10
235,347
505,568
280,382
8,8
127,133
266,343
9,12
25,31
410,635
286,380
66,114
10,15
107,128
5,5
22,32
47,51
3,3
149,201
6,14
349,516
72,111
78,79
139,205
55,90
781,809
122,177
133,181
192,260
28,28
228,380
20,21
51,63
48,55
165,202
243,313
79,106
642,706
72,88
324,342
25,26
85,105
67,93
197,225
95,150
134,145
423,516
10,17
211,216
7,7
123,201
122,130
180,216
57,65
25,26
161,198
58,61
151,193
469,553
4,4
156,208
42,42
5,6
7,7
319,505
244,376
28,40
68,76
210,382
8,8
447,722
350,359
23,27
190,248
118,175
41,54
127,175
84,103
155,180
197,217
6,7
4,4
268,328
245,273
8,9
3,3
277,352
61,65
426,496
80,104
83,106
13,15
396,441
19,23
351,567
165,181
441,521
467,498
91,95
26,34
162,247
23,31
42,51
6,8
152,217
160,205
87,96
27,27
358,615
567,628
184,286
11,21
351,586
7,10
267,305
117,148
157,207
3,3
244,259
9,9
80,86
110,118
278,309
29,30
3,5
10,16
223,278
227,462
202,261
27,27
343,576
45,46
200,328
12,18
244,255
53,62
82,106
334,374
238,316
4,21
99,124
70,72
87,109
1,1
132,136
415,456
408,421
521,604
368,379
228,233
25,26
207,308
109,159
145,173
540,596
134,190
303,428
453,461
537,609
26,47
284,325
364,391
12,14
14,20
71,85
13,13
278,298
138,162
3,3
39,39
103,133
201,253
245,351
119,129
414,464
220,261
304,447
117,146
23,26
247,317
17,19
49,53
77,86
81,91
3,3
5,5
171,217
107,109
168,204
36,42
102,102
2,4
20,28
10,13
257,305
20,20
18,21
2,5
230,412
30,33
178,209
196,270
121,133
69,74
70,90
2,2
1,3
197,202
164,214
37,38
81,88
456,524
96,228
155,204
272,335
50,81
29,38
62,72
331,448
129,170
69,83
162,165
18,26
8,8
57,76
11,15
3,3
56,68
327,375
302,311
61,63
105,110
116,138
301,528
168,207
24,24
611,664
164,191
10,12
238,288
11,16
13,15
282,499
197,220
168,182
276,381
88,101
20,20
214,363
319,373
165,204
99,146
367,385
33,45
24,24
39,39
137,154
106,123
131,197
161,205
348,383
67,87
246,323
129,144
391,645
417,505
39,49
146,202
487,547
77,85
144,169
145,153
14,16
90,102
49,49
2,2
55,61
124,126
60,63
75,102
451,537
235,289
1,2
4,4
130,146
89,144
110,122
255,376
24,26
217,280
857,968
6,6
225,349
456,712
34,40
7,7
7,11
81,93
23,25
204,380
62,67
155,157
179,244
18,27
37,38
218,292
274,514
251,263
61,72
42,43
114,123
1,1
344,382
89,107
83,83
3,4
40,50
268,345
214,224
6,7
0,1
265,284
393,653
35,41
365,522
194,236
1,1
11,15
26,34
239,297
651,677
474,499
31,33
59,61
3,5
252,260
3,3
5,5
218,271
34,37
137,162
96,166
1,1
129,147
8,8
245,535
250,324
98,117
462,531
348,493
186,192
292,525
225,305
241,428
19,19
318,499
4,4
62,70
152,178
84,94
285,340
53,59
165,204
16,22
126,171
44,44
132,170
11,13
445,582
234,329
1,1
439,514
97,123
224,290
27,40
394,421
289,358
201,388
474,694
89,110
38,44
78,113
247,399
473,538
486,576
110,155
224,274
174,240
98,109
83,106
388,450
191,213
85,145
114,129
63,84
243,278
6,6
185,218
156,189
238,249
51,66
256,305
196,232
416,492
245,283
25,37
474,515
132,153
4,5
4,5
144,151
8,14
221,326
38,46
338,472
63,69
135,149
86,95
436,662
97,126
342,531
55,58
43,57
38,47
369,454
5,5
150,155
90,133
170,229
205,243
704,795
53,92
7,7
194,243
411,678
68,77
414,460
218,272
1,4
89,99
251,292
164,265
211,326
1,1
76,87
371,447
483,554
6,8
1,1
4,5
4,4
152,185
114,132
236,377
483,514
201,255
161,181
89,123
648,732
22,32
365,409
222,225
1,1
12,18
95,131
234,275
12,12
12,13
316,421
10,11
19,25
300,312
679,790
201,402
695,812
598,662
518,596
99,167
6,9
139,171
14,16
5,5
169,196
9,9
466,550
57,65
334,388
135,167
216,282
5,8
11,12
17,24
176,228
111,153
53,66
3,5
130,136
66,77
79,100
589,676
376,711
190,205
118,122
187,274
208,309
112,130
78,101
303,443
187,366
235,245
32,39
69,81
2,3
223,322
17,21
121,136
4,4
677,822
656,744
272,440
352,536
45,51
47,55
10,10
102,108
92,95
860,967
195,236
316,325
91,94
223,283
72,82
246,254
143,232
123,136
4,4
307,424
492,548
64,69
186,280
694,711
321,485
253,312
221,310
519,531
139,143
244,285
125,139
3,3
2,7
198,243
87,87
52,78
5,6
174,297
373,429
51,55
16,31
223,370
338,491
8,12
95,116
443,470
3,3
139,162
6,9
24,26
5,5
93,190
43,47
321,338
87,88
191,386
65,73
33,36
56,57
121,128
404,678
170,197
8,8
4,5
171,182
170,237
197,272
143,195
83,92
118,136
140,185
238,298
1,1
4,4
102,125
49,58
170,175
618,661
255,432
121,149
36,39
216,266
269,341
4,4
97,109
3,3
109,129
9,13
54,68
293,529
23,30
22,22
5,5
31,35
103,164
2,2
5,5
112,127
57,68
17,28
9,13
61,86
94,103
72,77
165,177
102,120
77,79
17,17
299,397
1,1
5,5
152,160
38,38
159,233
58,58
10,10
92,118
141,181
58,81
4,9
266,483
412,523
120,126
10,10
9,9
57,59
150,217
20,21
139,168
17,17
222,250
90,114
54,64
57,60
137,155
345,353
304,336
186,253
112,145
329,363
178,197
212,385
204,233
218,238
72,76
115,142
135,144
511,607
97,97
4,4
18,31
175,182
140,181
4,4
70,81
9,12
132,148
114,147
111,125
178,241
14,15
3,7
298,378
33,34
116,134
172,195
119,204
151,189
40,44
8,8
226,328
1,3
304,542
65,75
134,146
473,484
529,545
22,27
221,374
234,338
5,5
346,352
126,134
404,417
202,244
8,8
74,103
182,221
185,248
167,222
396,480
277,346
119,156
70,86
41,45
13,17
481,493
95,123
456,727
83,104
9,11
369,402
2,3
234,251
34,37
459,499
162,192
104,112
107,155
95,95
273,439
208,249
22,30
262,294
64,69
95,108
40,54
166,185
3,4
40,40
6,6
146,259
29,30
121,143
273,356
95,111
220,260
8,8
316,350
24,33
163,177
116,124
16,18
147,155
400,427
220,276
364,486
63,70
4,7
65,92
489,508
114,118
119,132
1,2
3,3
92,95
154,207
119,153
240,291
11,15
56,85
14,22
303,363
104,114
111,126
74,83
58,62
618,698
36,44
31,37
200,210
79,85
10,11
366,579
183,233
183,237
43,46
144,152
358,649
251,274
32,34
3,3
176,363
103,119
185,230
178,207
109,130
49,53
320,410
215,233
217,271
14,14
169,356
128,178
1,2
533,627
163,181
67,84
65,96
73,75
24,25
533,557
39,45
104,107
86,92
199,254
484,572
354,362
16,21
111,112
3,5
14,14
154,194
264,410
106,109
83,127
251,262
13,13
27,39
535,615
223,238
91,95
30,48
97,114
115,126
33,40
269,277
250,303
373,638
71,84
124,135
159,239
186,263
126,145
15,16
85,95
150,194
393,420
14,17
73,93
123,157
369,376
39,41
265,299
358,380
2,2
16,19
810,893
26,28
153,166
201,281
56,63
172,281
19,28
183,207
8,8
255,296
241,334
224,279
343,496
175,186
12,12
179,206
272,405
4,4
115,119
211,229
96,115
5,5
127,134
7,7
41,54
428,479
206,320
460,555
196,224
3,5
126,133
194,275
397,428
109,139
192,270
3,3
65,72
206,295
63,79
46,53
220,288
113,120
148,295
186,222
7,9
177,184
219,346
53,63
382,417
134,158
208,220
3,3
1,2
24,29
142,263
127,130
276,451
115,145
4,4
708,724
202,304
21,21
2,2
10,11
446,460
146,211
264,441
189,194
3,7
83,90
220,285
254,384
49,58
57,77
274,539
333,400
385,420
452,468
145,153
4,5
142,164
186,402
98,103
66,76
137,179
256,428
19,20
39,41
149,168
74,89
27,32
444,468
227,276
34,50
245,336
340,391
256,338
117,132
16,17
9,14
175,234
32,36
244,321
9,22
26,26
2,2
244,345
38,40
247,268
116,142
81,99
144,226
774,886
173,207
80,81
7,7
19,20
39,46
268,380
139,144
203,308
82,117
175,237
164,220
20,20
23,32
517,585
27,40
26,27
10,11
133,137
202,235
292,308
110,121
72,86
19,36
133,160
164,220
725,758
107,118
22,25
6,10
31,31
119,124
15,19
136,161
709,812
242,272
268,357
77,85
198,233
96,98
55,84
100,112
105,108
186,235
69,74
217,350
81,94
4,7
662,707
187,196
117,145
176,223
227,254
321,590
163,189
109,119
619,730
768,848
30,34
43,45
23,23
315,369
217,235
102,109
204,267
338,350
71,72
186,204
101,107
220,250
159,169
198,221
48,55
24,26
352,447
110,179
38,39
233,274
10,10
183,222
9,11
509,570
188,204
273,351
23,26
230,294
87,115
1,1
507,596
348,464
110,123
28,32
42,51
14,21
151,241
170,191
174,218
171,214
8,11
21,22
75,112
61,63
168,188
219,249
36,36
6,7
6,6
2,5
119,163
221,243
4,4
20,20
248,264
22,24
289,357
22,24
112,160
46,49
8,13
5,5
512,599
174,211
244,377
65,71
146,198
107,115
208,277
225,277
5,5
33,46
117,171
117,126
346,444
269,327
98,120
17,25
4,6
29,35
156,186
165,196
7,13
104,106
288,375
149,224
153,171
6,7
220,287
241,330
282,437
436,447
818,905
97,113
5,7
21,27
67,73
121,164
127,151
442,527
130,142
13,17
35,40
44,55
175,200
258,262
173,226
86,117
48,58
670,766
38,45
157,208
140,151
3,3
112,150
186,247
126,175
2,2
220,230
670,692
5,6
335,508
203,291
501,543
617,704
8,15
10,12
7,8
56,66
38,45
340,549
69,86
206,263
235,241
19,31
128,184
137,188
23,25
169,214
74,76
197,219
11,11
187,205
22,23
11,14
89,117
104,243
182,214
215,298
15,25
7,8
55,67
8,11
14,14
93,97
102,133
242,254
266,395
188,212
46,50
51,56
21,28
169,190
326,509
4,5
23,26
477,495
61,73
4,6
108,123
156,189
349,357
3,3
231,299
325,413
5,5
19,20
164,235
158,265
79,85
58,61
277,365
157,165
248,325
8,10
213,228
284,353
130,172
23,30
126,140
130,135
47,52
295,479
170,201
248,281
205,313
144,178
178,222
38,49
10,14
146,200
96,111
7,11
127,165
121,147
376,384
118,167
222,320
15,17
287,315
110,130
32,35
